순번,구분,기관명,주소,전화번호,전년도 기관 평가등급,전년도 취업률,월 급여 241만원 이상 일자리 취업률,6개월 이상 취업자 고용유지율
1,고용센터,서울강남고용센터,"서울특별시 강남구 테헤란로 410(대치동) 금강타워 3, 7~10F ",02-3468-4794,,,,
2,국취-위탁,(주)맥시머스,서울특별시 강남구 논현로 503(역삼동) 19층 ,070-8633-6989,,,,
3,국취-위탁,국제커리어센터 서울강남지점,서울특별시 강남구 테헤란로22길 11(역삼동) 2층 ,02-556-8114,,,,
4,국취-위탁,(사)한국직업지도진흥원 강남센터,서울특별시 강남구 테헤란로44길 5(역삼동) 3층 ,02-565-1132,,,,
5,국취-위탁,(주)스카우트,서울특별시 강남구 언주로 431(역삼동) 삼봉빌딩 3층 ,02-2188-6796,,,,
6,국취-위탁,(주)이음길에이치알,서울특별시 강남구 테헤란로 419(삼성동) 14층 ,02-6949-1257,,,,
7,국취-위탁,(주)커리어넷서울강남지사,서울특별시 강남구 테헤란로43길 10(역삼동) 2층 ,02-569-6527,,,,
8,고용센터,서울고용센터,"서울특별시 중구 삼일대로 363(장교동) 1~4층, 10층 ",02-2004-7301,,,,
9,국취-위탁,(사)여성중앙회 종로여성인력개발센터,서울특별시 종로구 명륜4가 대학로11길 23(명륜4가) 스타시티빌딩 2~4층 ,02-742-1326,,,,
10,국취-위탁,(사)한국직업지도진흥원 동대문센터,서울특별시 동대문구 왕산로 225(청량리동) A동 425호 ,02-959-1910,,,,
11,국취-위탁,(주)유니에스 회기센터,서울특별시 동대문구 이문로 38(휘경동) 5층 ,02-6011-1507,,,,
12,국취-위탁,(주)지에스씨넷서울지점,서울특별시 서초구 강남대로41길 8(서초동) 태연빌딩 5층 ,02-597-1949,,,,
13,국취-위탁,(주)지오코칭,서울특별시 중구 필동2가 퇴계로 202(필동2가) 풍산빌딩 401호 ,02-2275-2553,,,,
14,국취-위탁,㈜메이크인,"서울특별시 중구 광희동2가 퇴계로 344(광희동2가) B1,2층 ",02-2291-7070,,,,
15,국취-위탁,㈜잡모아 동대문지점,서울특별시 중구 마른내로 136(쌍림동) 서림빌딩 602호 ,02-2293-8883,,,,
16,국취-위탁,인지어스(유) 동대문지사,서울특별시 동대문구 왕산로 225(청량리동) A동 402-2호 ,02-6215-7723,,,,
17,고용센터,서초고용센터,서울특별시 서초구 반포대로 43(서초동)  ,02-580-4900,,,,
18,고용센터,서울동부고용센터,서울특별시 송파구 중대로 135(가락동) IT벤처타워 동관 3~5층 ,02-2142-8924,,,,
19,국취-위탁,(주)대신능력개발취업센터,서울특별시 강동구 양재대로 1377(성내동) 3층 ,02-475-3344,,,,
20,국취-위탁,(주)유니에스 동부센터,서울특별시 광진구 능동로 275(군자동) 2층 ,02-6011-1489,,,,
21,국취-위탁,(주)잡모아 천호지점,서울특별시 강동구 올림픽로 620(성내동) 7층 ,02-471-0070,,,,
22,국취-위탁,(주)제이엠커리어 서울숲센터,서울특별시 성동구 성수동1가 왕십리로 58(성수동1가) 808호 ,02-2284-0077,,,,
23,국취-위탁,(주)코리아잡스원 서울지점,서울특별시 송파구 중대로 105(가락동) 1103호 ,02-430-8555,,,,
24,국취-위탁,국제커리어센터서울동부,"서울특별시 강동구 올림픽로 660(천호동, 천호엘크루주상복합) 204호 ",02-472-6114,,,,
25,국취-위탁,사단법인 한국취업능력개발원,서울특별시 성동구 성수동2가 연무장11길 15(성수동2가) 청운재 2층 ,02-424-1350,,,,
26,국취-위탁,스탭스(주)서울동부센터,서울특별시 송파구 중대로 105(가락동) 302호 ,02-6925-6543,,,,
27,국취-위탁,퍼스트인잡(주) 서울동부지사,서울특별시 강동구 올림픽로 568(성내동) 401호 ,02-6956-2338,,,,
28,고용센터,성동광진고용센터,서울특별시 성동구 성수동2가 연무장길 76(성수동2가) 1~2층 (성수 AK밸리) ,02-2047-9900,,,,
29,고용센터,서울서부고용센터,서울특별시 마포구 마포대로 63-8(도화동)  ,02-2077-6000,,,,
30,국취-위탁,(주)국제커리어센터 서울서부지점,서울특별시 은평구 진흥로 77(역촌동) 5층 ,02-357-7114,,,,
31,국취-위탁,(주)유니에스 서부센터,서울특별시 마포구 마포대로 49(도화동) 707-708호 ,02-6011-1590,,,,
32,국취-위탁,(주)잡모아 서부지점,서울특별시 서대문구 신촌로 21(창천동) 3층 ,02-334-8380,,,,
33,국취-위탁,(주)제이엠커리어 서울서부,서울특별시 마포구 만리재로 15(공덕동) 1303~1304호 ,070-4613-4841,,,,
34,국취-위탁,(주)커리어넷 서울서부지사,서울특별시 서대문구 이화여대1안길 3(대현동) 4층 ,02-362-8894,,,,
35,국취-위탁,서울시중부여성발전센터,서울특별시 마포구 토정로35길 17(용강동) 서울시중부여성발전센터 ,02-719-8431,,,,
36,국취-위탁,인지어스(유)서부지사,"서울특별시 은평구 수색로 217-1(증산동, 디엠씨 자이2단지) 403호 ",02-6232-7494,,,,
37,국취-위탁,(주)지에스씨넷 서울서부지점,서울특별시 용산구 한강대로 324(갈월동) 4층 ,02-771-2883,,,,
38,고용센터,서울강서고용센터,서울특별시 강서구 양천로57길 탐라영재관 2~3층 ,02-2063-6700,,,,
39,고용센터,서울남부고용센터,서울특별시 영등포구 양평동1가 선유로 120(양평동1가) 고용노동부 서울남부고용센터 ,02-2639-2300,,,,
40,국취-위탁,(재)서울현대교육재단,서울특별시 영등포구 당산동6가 양평로12길 13(당산동6가) - ,02-2675-6880,,,,
41,국취-위탁,(주) 리부트코리아 서울센터,서울특별시 영등포구 영신로19길 28(영등포동) 2층 ,02-835-1929,,,,
42,국취-위탁,(주)유니에스 남부센터,서울특별시 양천구 목동로21길 1(신정동) - ,02-6011-1529,,,,
43,국취-위탁,(주)제이엠커리어 서울남부지사,서울특별시 영등포구 문래동3가 문래로 89(문래동3가) 문래비즈타워 5층 501-502호 ,02-6952-4980,,,,
44,국취-위탁,(주)커리어넷 서울남부지사,서울특별시 강서구 마곡중앙6로 93(마곡동) 502호 ,02-2699-6720,,,,
45,국취-위탁,사회적협동조합 내일로 영등포센터,서울특별시 영등포구 당산동3가 당산로33길 7(당산동3가) 6층 ,02-855-8215,,,,
46,국취-위탁,국제커리어센터 서울남부,서울특별시 영등포구 당산동6가 당산로49길 12-1(당산동6가) 2층 ,02-2068-6114,,,,
47,국취-위탁,(주)잡모아,서울특별시 양천구 오목로 180(신정동) - ,02-2645-6777,,,,
48,국취-위탁,스탭스(주) 서울남부센터,서울특별시 강서구 강서로 391(마곡동) 804호 ,02-3665-9486,,,,
49,고용센터,서울북부고용센터,서울특별시 노원구 노해로 450(상계동) 해청빌딩 ,02-2171-1700,,,,
50,국취-위탁,(사)한국직업지도진흥원 노원센터,서울특별시 노원구 동일로218길 17(상계동) 603호 ,02-6959-5570,,,,
51,국취-위탁,(주)잡모아 북부지점,서울특별시 도봉구 마들로11길 25(창동) 201~202호 ,02-990-7744,,,,
52,국취-위탁,(주)제이엠커리어 북부지사,서울특별시 도봉구 노해로 397-15(창동) 812호 ,02-6953-7551,,,,
53,국취-위탁,(주)커리어넷 성신여대사무소,서울특별시 성북구 보문로34다길 2(돈암동) 1층 난초방 110-1호 ,02-920-7965,,,,
54,국취-위탁,㈜커리어넷 서울북부지사,서울특별시 강북구 숭인로 63(미아동) 6층 ,02-988-2262,,,,
55,국취-위탁,국제커리어센터 서울북부,서울특별시 도봉구 노해로65길 17(창동) 701호 ,02-992-6114,,,,
56,국취-위탁,사단법인 한국고용복지센터(서울북부점),서울특별시 노원구 동일로192길 20(공릉동) 4층 ,02-979-5880,,,,
57,국취-위탁,사단법인 한국취업능력개발원 중랑점,서울특별시 중랑구 중랑역로 62(중화동) 2층 ,02-6952-1675,,,,
58,국취-위탁,퍼스트인잡(주) 서울북부지사,서울특별시 중랑구 면목로 481(상봉동) 801~802호 ,02-6951-1248,,,,
59,국취-위탁,노원사회적경제협의회,서울특별시 노원구 동일로 1379(상계동) 601~2호 ,02-952-1193,,,,
60,국취-위탁,(주)지에스씨넷 서울북부지점,서울특별시 성북구 삼선동1가 창경궁로 324(삼선동1가) 3층 302호 ,02-747-8610,,,,
61,고용센터,강북성북고용센터,"서울특별시 강북구 도봉로 풍양빌딩 2층,3층,6층,8층,10층 ",02-3406-0900,,,,
62,고용센터,서울관악고용센터,서울특별시 구로구 디지털로34길 27(구로동) 2-3층 ,02-3282-9200,,,,
63,국취-위탁,(사)한국직업지도진흥원_관악센터,서울특별시 금천구 가산디지털1로 168(가산동) c동 15층 1503 ,070-4128-9544,,,,
64,국취-위탁,(사)한국취업능력개발원,서울특별시 구로구 디지털로33길 27(구로동) 305호 ,02-6951-1706,,,,
65,국취-위탁,(주)메이크인 동작지사,서울특별시 동작구 상도로 285(상도1동) 3~4층 ,02-6949-0113,,,,
66,국취-위탁,(주)잡모아_관악지점,서울특별시 관악구 남부순환로 1797(봉천동) 4층 ,02-838-8860,,,,
67,국취-위탁,(주)지에스씨넷 서울구로지점,서울특별시 구로구 디지털로 285(구로동) - ,02-3281-1949,,,,
68,국취-위탁,국제커리어센터 서울관악지점,서울특별시 구로구 디지털로33길 11(구로동) - ,02-862-2114,,,,
69,국취-위탁,사단법인 한국고용협회,서울특별시 관악구 봉천로 227(봉천동) - ,02-6952-3846,,,,
70,국취-위탁,사회적협동조합내일로 서울지점,서울특별시 관악구 남부순환로 1630(신림동) 5층 501호 ,02-855-8219,,,,
71,국취-위탁,스탭스(주) 구로센터,서울특별시 구로구 디지털로30길 31(구로동) 206호 ,02-2081-1181,,,,
72,고용센터,부산고용센터,부산광역시 부산진구 중앙대로 993(양정동)  ,051-860-1919,,,,
73,국취-위탁,(주)두원잡 부산사무소,부산광역시 연제구 월드컵대로 122(연산동) 그린빌딩 4층 ,051-710-7392,,,,
74,국취-위탁,(주)두원잡 부산중부사무소,부산광역시 중구 중앙동4가 해관로 60(중앙동4가) 2층 ,051-710-7690,,,,
75,국취-위탁,(주)빛솔인재개발원 사하지점,부산광역시 사하구 낙동남로 1400(하단동) 3층 301호 ,051-293-2232,,,,
76,국취-위탁,(주)에듀인잡컨설팅,부산광역시 남구 용소로8번길 48(대연동) 2~3층 ,051-636-8621,,,,
77,국취-위탁,부산희망리본 사회적협동조합,부산광역시 연제구 거제천로 89(거제동) 8층 ,051-714-5173,,,,
78,국취-위탁,부산희망리본 사회적협동조합 사하지점,부산광역시 사하구 승학로 51(당리동) 3층 ,051-714-1491,,,,
79,국취-위탁,인지어스(유) 부산지사,부산광역시 부산진구 중앙대로 899(양정동) 2층 ,051-959-3304,,,,
80,국취-위탁,주식회사 위드온라,부산광역시 부산진구 가야대로 586(가야동) 7층 ,051-711-8990,,,,
81,국취-위탁,주식회사 잡플랜컨설팅,부산광역시 부산진구 중앙대로 747-1(부전동) - ,051-927-9941,,,,
82,국취-위탁,주식회사 잡플랜컨설팅 하단취업센터,"부산광역시 사하구 낙동남로 1423(하단동, 태영빌딩) 3층 ",051-927-9931,,,,
83,국취-위탁,퍼스트인잡(주) 부산지사,부산광역시 동구 범일로 102(범일동) 9층 ,051-714-2480,,,,
84,국취-위탁,(주)지에스씨넷 부산지점,"부산광역시 남구 수영로 304(대연동, 대승타워) 801호 ",051-627-1949,,,,
85,국취-위탁,국제커리어센터 부산남구,부산광역시 남구 수영로 237(대연동) 701호 ,051-621-9114,,,,
86,국취-위탁,(주)제이엠커리어 부산지사,부산광역시 연제구 중앙대로 1053(연산동) 6층 1호 ,051-442-6002,,,,
87,고용센터,부산사하고용센터,부산광역시 사하구 낙동남로 정우헤리티지 빌딩 8~10층 ,051-520-4900,,,,
88,고용센터,부산동부고용센터,부산광역시 수영구 수영로 676 ,051-760-7100,,,,
89,국취-위탁,퍼스트인잡(주),부산광역시 해운대구 해운대로 407(우동) 802호 ,051-914-2488,,,,
90,국취-위탁,(주)커리어넷 부산남산지사,부산광역시 금정구 중앙대로 2029(남산동) 4층 ,051-711-1804,,,,
91,국취-위탁,(주)두원잡부산동부사무소,부산광역시 동래구 충렬대로 146(온천동) 4층 ,051-710-7431,,,,
92,국취-위탁,(주)맥시머스 부산동부,부산광역시 수영구 수영로 690-5(광안동) 1001호 ,051-755-8219,,,,
93,국취-위탁,(주)소암,부산광역시 금정구 중앙대로1719번길 23(부곡동) 501호 ,051-802-7172,,,,
94,국취-위탁,(주)지에스씨넷 부산동부,부산광역시 수영구 수영로 690-5(광안동) 1401호 ,051-753-1949,,,,
95,국취-위탁,(주)취업인,부산광역시 금정구 금정로 77-1(장전동) 2층 ,051-512-0055,,,,
96,국취-위탁,(주)취업인  해운대지점,부산광역시 해운대구 세실로69번길 15(좌동) 1001호 ,051-704-0552,,,,
97,국취-위탁,(주)커리어넷 부산동부지사,부산광역시 수영구 수영로 724-1(광안동) 2층 ,051-752-8233,,,,
98,국취-위탁,스탭스(주)부산동부센터,부산광역시 동래구 명륜로 141(명륜동) 6층 ,051-558-5733,,,,
99,국취-위탁,퍼스트인잡(주) 금정지사,부산광역시 금정구 부산대학로 23(장전동) 3층 ,051-923-2488,,,,
100,국취-위탁,퍼스트인잡(주) 동래지사,부산광역시 동래구 명륜로 90(수안동) 3층 ,051-711-2488,,,,
101,고용센터,부산북부고용센터,부산광역시 북구 화명대로 9(화명동)  ,051-330-9900,,,,
102,국취-위탁,(주)가이드잡 부산북부지사,부산광역시 사상구 사상로 208-1(괘법동) 티오피10층 ,070-8820-9811,,,,
103,국취-위탁,(주)두원잡 덕천사무소,부산광역시 북구 기찰로 12(덕천동) 8층 801~3호 ,051-336-8735,,,,
104,국취-위탁,(주)빛솔인재개발원,부산광역시 북구 화명대로 27(화명동) 윤프라자 304호 ,070-7779-2745,,,,
105,국취-위탁,㈜두원잡 사상사무소,부산광역시 사상구 사상로 208-1(괘법동) 1102호 ,051-710-5120,,,,
106,국취-위탁,㈜두원잡 주례사무소,부산광역시 사상구 가야대로 348(주례동) KL빌딩9층 901호 ,051-710-4122,,,,
107,국취-위탁,㈜맥시머스 동서대지점,부산광역시 사상구 가야대로 370(주례동) 3층 ,051-710-8219,,,,
108,국취-위탁,㈜맥시머스 부산지점,부산광역시 북구 만덕대로 35(덕천동) 8층 ,051-364-5563,,,,
109,국취-위탁,㈜잡플러스넷,부산광역시 사상구 가야대로 370(주례동) 10층 2호 ,051-967-5321,,,,
110,국취-위탁,인지어스(유)부산북부지사,부산광역시 북구 만덕대로 13(덕천동) 6층 ,051-921-2276,,,,
111,국취-위탁,국제커리어센터 부산북부지점,부산광역시 사상구 가야대로 348(주례동) 201호 ,051-322-2114,,,,
112,고용센터,마산고용센터,경상남도 창원시 마산회원구 3·15대로 무학빌딩 3~6층 ,055-259-1500,,,,
113,고용센터,창원고용센터,경상남도 창원시 성산구 마디미서로 60(상남동) 창원고용복지+센터(1~7층) ,055-239-0900,,,,
114,국취-위탁,(주)경남취업지원센터,경상남도 창원시 마산회원구 3·15대로 629 2층 ,055-251-9568,,,,
115,국취-위탁,(주)두원잡 창원지사,경상남도 창원시 성산구 중앙대로 95(중앙동) 705호 ,055-715-7300,,,,
116,국취-위탁,(주)맥시머스 창원지점,경상남도 창원시 성산구 용지로 94(중앙동) 7층 709호 ,055-713-8219,,,,
117,국취-위탁,(주)아이비잡스마산지점,경상남도 창원시 마산회원구 양덕로 160(양덕동) 405호 ,055-292-4048,,,,
118,국취-위탁,(주)제이엠커리어 마산지사,경상남도 창원시 마산합포구 해안대로 2(해운동) 901호 ,055-713-8866,,,,
119,국취-위탁,(주)제이엠커리어 창원지사,경상남도 창원시 성산구 창원대로 754(외동) 3층 ,055-283-3260,,,,
120,국취-위탁,(주)키움커리어,경상남도 창원시 의창구 퇴촌로25번길 6-16(사림동) 2층 ,055-267-3100,,,,
121,국취-위탁,사단법인 경남산업기술진흥법인,경상남도 창원시 성산구 마디미로 2(상남동) 미도빌딩 4-5층 ,055-286-1060,,,,
122,국취-위탁,사단법인경남산업기술진흥법인(창원마산사무소),경상남도 창원시 마산회원구 3·15대로 664 청암빌딩 3층 ,055-252-1060,,,,
123,국취-위탁,주식회사 케이엔잡,경상남도 창원시 성산구 용지로 149(용호동) 2층 ,055-274-3589,,,,
124,국취-위탁,복음취업센터,경상남도 창원시 성산구 상남로 71(상남동) 502호 ,055-289-7244,,,,
125,고용센터,함안고용센터,경상남도 함안군 가야읍 남경길 함안메디컬센터 4층 ,055-278-9210,,,,
126,고용센터,창녕고용센터,경상남도 창녕군 창녕읍 군청길 성동빌딩 9층 ,055-278-9250,,,,
127,고용센터,울산고용센터,울산광역시 남구 화합로  ,052-228-1919,,,,
128,국취-위탁,(사)울산YWCA,울산광역시 남구 삼호로 81(무거동) - ,052-247-3520,,,,
129,국취-위탁,(주)두원잡 울산지사,울산광역시 남구 삼산로 37(신정동) 701호 ,052-707-7401,,,,
130,국취-위탁,(주)맥시머스 울산중부지점,울산광역시 중구 젊음의2거리 29(성남동) 1301호 ,052-211-8219,,,,
131,국취-위탁,(주)아이앤제이커리어컨설팅센터 중구지사,울산광역시 중구 젊음의2거리 29(성남동) 502호 ,052-933-9411,,,,
132,국취-위탁,(주)위더스,울산광역시 남구 북부순환도로 17(무거동) 1312호 ,070-7010-9295,,,,
133,국취-위탁,(주)제니엘 울산센터,울산광역시 동구 방어진순환도로 1132(서부동) 4층 ,052-716-3177,,,,
134,국취-위탁,(주)좋은일자리,울산광역시 남구 수암로 5(신정동) 3층 ,052-263-3500,,,,
135,국취-위탁,(주)좋은일자리 동구지사,울산광역시 동구 방어진순환도로 678(일산동) 3층 ,052-966-3500,,,,
136,국취-위탁,(주)좋은일자리 북부센터,울산광역시 북구 송내4길 14(화봉동) 2층 ,052-913-3500,,,,
137,국취-위탁,(주)좋은일자리 서부센터,울산광역시 울주군 범서읍 굴화1길 60 2층 ,052-915-3500,,,,
138,국취-위탁,(주)지에스씨넷 울산지점,울산광역시 남구 화합로 198(삼산동) 3층 ,052-261-1949,,,,
139,국취-위탁,퍼스트인잡(주)울산지사,울산광역시 중구 번영로 576(남외동) 4층 ,052-708-2488,,,,
140,고용센터,김해고용센터,경상남도 김해시 호계로 441(부원동) - ,055-330-6400,,,,
141,국취-위탁,(주)두원잡 김해지사,경상남도 김해시 호계로 411(부원동) 901호 ,055-724-3041,,,,
142,국취-위탁,(주)맥시머스 김해지점,경상남도 김해시 가락로30번길 13(부원동) 304~305호 ,055-312-8219,,,,
143,국취-위탁,(주)지앤제이커리어,경상남도 김해시 장유로 232(부곡동) 703호 ,055-724-2321,,,,
144,국취-위탁,(주)케이엔잡 김해지사,경상남도 김해시 내외중앙로 44(외동) 601호 ,055-312-3574,,,,
145,국취-위탁,인지어스(유)김해지사,경상남도 김해시 호계로 418(부원동) 301호 ,055-904-3330,,,,
146,국취-위탁,퍼스트인잡(주)김해지사,경상남도 김해시 가락로 26(부원동) 801호 ,055-723-2488,,,,
147,국취-위탁,복음취업센터 김해사무소,경상남도 김해시 호계로 411(부원동) 201호 ,055-339-7244,,,,
148,고용센터,밀양고용센터,"경상남도 밀양시 백민로 2층, 4층 ",055-350-2800,,,,
149,고용센터,양산고용센터,경상남도 양산시 중부로  ,055-379-2400,,,,
150,국취-위탁,㈜_두원잡 양산사무소,경상남도 양산시 양산역로 103(중부동) 402호 ,055-785-0150,,,,
151,국취-위탁,㈜경남취업지원센터 양산지사,경상남도 양산시 양산역1길 18(중부동) 701호 ,055-781-0180,,,,
152,국취-위탁,㈜잡앤아스 양산지사,경상남도 양산시 삽량로 199(중부동) 205호 ,055-381-7109,,,,
153,국취-위탁,㈜잡앤아스 웅상지사,경상남도 양산시 덕계로 148(평산동) 6층 ,055-383-7109,,,,
154,고용센터,진주고용센터,경상남도 진주시 진양호로  ,055-753-9090,,,,
155,국취-위탁,(사)한국커리어 진주지사,경상남도 진주시 진주대로 528(가좌동) 501호 ,055-923-1829,,,,
156,국취-위탁,(주)두원잡 진주지사,경상남도 진주시 진주대로 1044(동성동) 2층 ,055-795-6781,,,,
157,국취-위탁,(주)제이엠커리어 진주지사,"경상남도 진주시 진주대로 888(칠암동) 301,302호 ",055-794-1012,,,,
158,국취-위탁,퍼스트인잡(주) 진주지사,경상남도 진주시 동진로 34(칠암동) 4층 408호 ,055-795-2488,,,,
159,고용센터,하동고용센터,경상남도 하동군 진교면 민다리안길  ,055-880-5510,,,,
160,고용센터,거창고용센터,경상남도 거창군 거창읍 송정8길  ,055-949-6589,,,,
161,고용센터,사천고용센터,경상남도 사천시 사천읍 옥산로 113 4층 ,055-760-6590,,,,
162,고용센터,통영고용센터,경상남도 통영시 광도면 죽림1로  ,055-650-1800,,,,
163,국취-위탁,(주)제이엠커리어 거제지사,경상남도 거제시 거제중앙로31길 11(고현동) 3층 ,055-638-3255,,,,
164,국취-위탁,(주)한국커리어 경남지사,경상남도 통영시 무전대로 23(무전동) 2층 ,055-990-8219,,,,
165,국취-위탁,퍼스트인잡(주) 거제지사,경상남도 거제시 서문로6길 1(고현동) 3층 ,055-633-6226,,,,
166,고용센터,거제고용센터,경상남도 거제시 서문로5길 6(고현동) 우형빌딩 3층 ,055-730-1919,,,,
167,고용센터,고성고용센터,경상남도 고성군 고성읍 동외로 175  ,055-650-1841,,,,
168,고용센터,대구서부고용센터,대구광역시 서구 서대구로 9(내당동)  ,053-605-6500,,,,
169,국취-위탁,(주)에스에이치피 대구사무소,대구광역시 달서구 성서로 377(이곡동) - ,053-588-7655,,,,
170,국취-위탁,(주)일로이룸 달서취업지원센터,대구광역시 달서구 용산로 124(감삼동) 3층 ,053-559-6668,,,,
171,국취-위탁,(주)일로이룸 달성취업지원센터,대구광역시 달성군 화원읍 비슬로 2494 2층 ,053-639-9980,,,,
172,국취-위탁,(주)일로이룸 서부취업지원센터,대구광역시 달서구 월배로 222(상인동) 써브웨이3층(상인역4번출구) ,053-656-8271,,,,
173,국취-위탁,(주)일로이룸 왜관취업지원센터,경상북도 칠곡군 왜관읍 관문로 33 2층 ,054-972-3004,,,,
174,국취-위탁,(주)지에스씨넷 대구서부지점,대구광역시 달서구 월곡로 267-1(상인동) 2층 ,053-643-1949,,,,
175,국취-위탁,(주)지에스씨넷 대구지점,대구광역시 서구 달구벌대로 1747(내당동) 6층 ,053-584-1949,,,,
176,국취-위탁,(주)커리어넷 대구서부지사,대구광역시 서구 달구벌대로 1733(내당동) 2층 ,053-522-9580,,,,
177,국취-위탁,(주)커리어스타 달서지점,대구광역시 달서구 월배로 203(상인동) 4층 ,053-628-8842,,,,
178,국취-위탁,(주)커리어스타 달성지점,대구광역시 달성군 현풍읍 테크노상업로 48 - ,053-641-8842,,,,
179,국취-위탁,(주)행복인디제이 달서지사,대구광역시 남구 대명로 6(대명동) 11층 ,053-525-8597,,,,
180,국취-위탁,달구벌여성인력개발센터,대구광역시 서구 달구벌대로337길 9(내당동) - ,053-262-1331,,,,
181,고용센터,칠곡고용센터,경상북도 칠곡군 왜관읍 중앙로 146  ,054-970-1919,,,,
182,고용센터,대구달성고용센터,대구광역시 달성군 논공읍 논공중앙로34길  ,053-605-9510,,,,
183,고용센터,대구고용센터,대구광역시 수성구 동대구로  ,053-667-6000,,,,
184,국취-위탁,(사)경북경영자총협회 영천사무소,경상북도 영천시 금완로 63(완산동) 1층 ,054-336-6547,,,,
185,국취-위탁,(주)국제커리어센터 대구동부,대구광역시 동구 동대구로 591(신암동) 4층 ,053-944-9114,,,,
186,국취-위탁,(주)일로이룸 강북취업지원센터,"대구광역시 북구 칠곡중앙대로 312(태전동, 강북 화성파크드림) 107동 201호 202호 ",053-312-2599,,,,
187,국취-위탁,(주)일로이룸 경산1취업지원센터,경상북도 경산시 경안로 226(중방동) 3층 ,053-812-0980,,,,
188,국취-위탁,(주)일로이룸 동부취업지원센터,대구광역시 동구 아양로 18(신암동) 4층 ,053-741-3056,,,,
189,국취-위탁,(주)일로이룸 동천취업지원센터,대구광역시 북구 학정로 415(동천동) 402호 ,053-313-7010,,,,
190,국취-위탁,(주)일로이룸 수성취업지원센터,대구광역시 수성구 달구벌대로 3177(매호동) 5층 ,053-742-7063,,,,
191,국취-위탁,(주)일로이룸 이룸취업지원센터,대구광역시 동구 안심로 280(동호동) 3층 ,053-716-6771,,,,
192,국취-위탁,(주)일로이룸 하양취업지원센터,"경상북도 경산시 하양읍 하양로 69 4층 404-1,2호 ",053-812-1031,,,,
193,국취-위탁,(주)제이엠커리어대구지사,대구광역시 동구 동부로22길 2(신천동) 402호 ,053-710-1263,,,,
194,국취-위탁,(주)지에스씨넷 경산지점,경상북도 경산시 중앙로 77(중방동) 5층 ,053-813-1949,,,,
195,국취-위탁,(주)지에스씨넷 경산하양지점,경상북도 경산시 하양읍 대경로 669-7() 보광빌 2층 ,053-854-1949,,,,
196,국취-위탁,(주)지에스씨넷 대구북구지점,대구광역시 북구 칠성동2가 옥산로 95(칠성동2가) 304호 ,053-351-1949,,,,
197,국취-위탁,(주)지에스씨넷 대구수성지점,대구광역시 수성구 달구벌대로528길 6(만촌동) - ,053-754-1949,,,,
198,국취-위탁,(주)커리어넷 대구지사,대구광역시 중구 동성로3가 중앙대로 385-1(동성로3가) 2층 ,053-255-7378,,,,
199,국취-위탁,(주)커리어스타 복현점,대구광역시 북구 공항로 3(복현동) 5층 ,053-384-8842,,,,
200,국취-위탁,(주)행복인디제이,"대구광역시 중구 동성로3가 중앙대로 390(동성로3가) 센트럴엠빌딩 2층 2063,207호 ",053-751-9001,,,,
201,국취-위탁,(주)행복인디제이 경산지사,경상북도 경산시 경안로 195(중방동) 4층 ,053-811-9012,,,,
202,국취-위탁,스탭스(주)대구동부센터,대구광역시 동구 아양로 28(신암동) 4층 ,053-945-1440,,,,
203,고용센터,경산고용센터,경북 경산시 경안로 223(경산상공회의소 1층),053-667-6800,,,,
204,고용센터,대구강북고용센터,대구광역시 북구 칠곡중앙대로 318(태전동)  ,053-606-8000,,,,
205,고용센터,대구동부고용센터,대구광역시 동구 아양로  ,053-667-6900,,,,
206,고용센터,영천고용센터,경상북도 영천시 금완로 63(완산동)  ,054-778-2591,,,,
207,고용센터,포항고용센터,경상북도 포항시 북구 중흥로  ,054-280-3000,,,,
208,국취-위탁,(주)아이비잡스,경상북도 포항시 북구 죽도로40번길 17(죽도동) 1층 ,054-272-3401,,,,
209,국취-위탁,(주)아이비잡스 포항대학교사무소,경상북도 포항시 북구 천마로71번길 6(양덕동) 3층 ,054-272-2504,,,,
210,국취-위탁,(주)일로이룸 경주취업지원센터,경상북도 경주시 원화로 378(동천동) 3층 ,054-743-8810,,,,
211,국취-위탁,(주)지에스씨넷 경주성건지점,경상북도 경주시 금성로 421(성건동) 2층 ,054-741-1949,,,,
212,국취-위탁,(주)지에스씨넷 포항지점,경상북도 포항시 북구 중흥로 232(죽도동) 501호 ,054-285-1949,,,,
213,국취-위탁,인지어스(유) 경주지사,경상북도 경주시 화랑로 94(동부동) 4층 ,054-620-0476,,,,
214,국취-위탁,인지어스(유) 포항남구지사,경상북도 포항시 남구 중흥로 98(상도동) 6층 ,054-614-0463,,,,
215,고용센터,경주고용센터,"경상북도 경주시 원화로 3,6,7,8층 ",054-778-2500,,,,
216,고용센터,구미고용센터,경상북도 구미시 백산로 118(송정동)  ,054-440-3300,,,,
217,국취-위탁,(사)경북경영자총협회 구미사무소,경상북도 구미시 구미대로 350-27(신평동) 구미시종합비즈니스지원센터 307호 ,054-461-5539,,,,
218,국취-위탁,(사)경북경영자총협회 김천사무소,경상북도 김천시 신양길 19(신음동) 2층 ,054-439-5505,,,,
219,국취-위탁,(주)경북고용성장지원센터,경상북도 구미시 야은로 366(도량동) - ,054-441-1313,,,,
220,국취-위탁,(주)일로이룸 구미취업지원센터,경상북도 구미시 송원서로 35(송정동) 고려빌딩 3층 ,054-442-8770,,,,
221,국취-위탁,(주)지에스씨넷 구미지점,경상북도 구미시 송원서로2길 15(원평동) 2층 ,054-456-1474,,,,
222,국취-위탁,(주)지에스씨넷 김천지점,경상북도 김천시 충효길 95(성내동) 3층 ,054-433-1949,,,,
223,국취-위탁,구미여성인력개발센터,경상북도 구미시 송원서로8길 53(원평동) - ,054-456-9494,,,,
224,국취-위탁,스탭스㈜구미센터,경상북도 구미시 옥계북로 5(옥계동) 3층 ,054-453-0804,,,,
225,국취-위탁,인지어스(유)구미지사,경상북도 구미시 인동가산로 14(진평동) 401호 ,054-605-7067,,,,
226,고용센터,김천고용센터,경상북도 김천시 신양2길 46(신음동)  ,054-429-8900,,,,
227,고용센터,영주고용센터,경상북도 영주시 번영로  ,054-639-1122,,,,
228,국취-위탁,(주)지에스씨넷 문경지점,경상북도 문경시 당교로 250(모전동) 2층 ,054-554-1949,,,,
229,국취-위탁,(주)지에스씨넷 상주지점,경상북도 상주시 중앙로 193(서성동) 5층 ,054-531-1949,,,,
230,국취-위탁,(주)지에스씨넷 영주지점,경상북도 영주시 대학로 35(휴천동) 6층 ,054-632-1949,,,,
231,고용센터,문경고용센터,"경상북도 문경시 매봉1길 문경시산림조합 3,4층 ",054-559-8200,,,,
232,고용센터,상주고용센터,경상북도 상주시 왕산로  ,054-559-8280,,,,
233,고용센터,안동고용센터,경상북도 안동시 경동로 400 ,054-851-8061,,,,
234,국취-위탁,(주)일로이룸취업지원센터,경상북도 안동시 송하2길 49-16(송현동) 501호 ,054-859-8841,,,,
235,국취-위탁,(주)지에스씨넷안동지점,경상북도 안동시 광명로 264(태화동) 5층 ,054-843-1949,,,,
236,고용센터,의성고용센터,경상북도 의성군 의성읍 문소3길 102-1 4층(진주빌딩) ,054-851-8151,,,,
237,고용센터,예천고용센터,경상북도 예천군 예천읍 봉덕로 26 동창한우마을 빌딩 2층 ,054-851-8180,,,,
238,고용센터,인천고용센터,인천광역시 남동구 문화로 131(구월동)  ,032-460-4701,,,,
239,국취-위탁,(유)인지어스 인천지사,인천광역시 남동구 문화로 147(구월동) 501호 ,032-233-2659,,,,
240,국취-위탁,(주)맥시머스 인천지점,"인천광역시 남동구 구월로 243(구월동) 제3층 제303,304호 ",032-501-8217,,,,
241,국취-위탁,(주)잡모아 인천남부지점,인천광역시 미추홀구 주안로 86(주안동) 1002호 ,032-813-9001,,,,
242,국취-위탁,(주)지에스씨넷 인천지점,인천광역시 미추홀구 경인로 119(숭의동) 11층 ,032-888-1949,,,,
243,국취-위탁,(주)채움에이치알디 인천지사,인천광역시 남동구 문화로 135(구월동) 201호 ,032-715-7313,,,,
244,국취-위탁,(주)휴먼잡트러스트 본사,인천광역시 연수구 새말로96번길 26(연수동) 4층 ,032-822-1825,,,,
245,국취-위탁,사단법인 한국고용서비스진흥원 인천점,인천광역시 미추홀구 주안로 113(주안동) 3층 ,032-426-5888,,,,
246,국취-위탁,제이엠커리어 인천지사,인천광역시 남동구 인주대로 596(구월동) 7층 ,02-703-9900,,,,
247,국취-위탁,주식회사 미래서비스,인천광역시 연수구 벚꽃로 106(청학동) 504호 ,032-216-0060,,,,
248,국취-위탁,주식회사 이노스잡,인천광역시 남동구 청능대로 583(논현동) 9층 901 ,032-421-5202,,,,
249,고용센터,인천북부고용센터,인천광역시 계양구 장제로 804(계산동) 영산빌딩 2층~5층 ,032-540-5641,,,,
250,국취-위탁,(주)지에스씨넷 인천북부지점,인천광역시 부평구 경원대로 1414(부평동) 5층 ,032-517-1949,,,,
251,국취-위탁,(주)채움에이치알디 부평지사,인천광역시 부평구 갈월서로 4(갈산동) 3층 ,032-262-0750,,,,
252,국취-위탁,(주)휴먼잡트러스트 계양지점,인천광역시 계양구 계산새로65번길 15(계산동) 3층 ,032-543-5725,,,,
253,국취-위탁,(주)휴먼잡트러스트 인천서구지점,인천광역시 서구 서곶로 281(심곡동) 2층 ,032-569-5141,,,,
254,국취-위탁,국제커리어센터 인천부평,인천광역시 부평구 경원대로1377번길 15(부평동) 3층 ,032-501-6114,,,,
255,국취-위탁,사회적협동조합 일터와사람들 서부지사,인천광역시 서구 서곶로301번길 7(심곡동) 6층 ,032-715-7840,,,,
256,국취-위탁,스탭스(주) 인천북부센터,인천광역시 부평구 부흥로 265(부평동) 403호 ,032-524-3115,,,,
257,국취-위탁,인지어스(유) 인천북부,인천광역시 계양구 경명대로 1058(계산동) 201호 ,032-277-0273,,,,
258,국취-위탁,주식회사맥시머스 부평지점,인천광역시 부평구 부평대로 152(부평동) 208호 ,032-501-8219,,,,
259,국취-위탁,(주)명은커리어 인천서부지사,인천광역시 서구 원당대로 626(당하동) 4층 ,032-935-5380,,,,
260,국취-위탁,(주)채움에이치알디 인천서부지사,인천광역시 서구 염곡로 472(가정동) 703호 ,032-719-4083,,,,
261,국취-위탁,(주)잡모아 인천서부지점,인천광역시 서구 탁옥로 55(심곡동) 303호 ,032-563-2226,,,,
262,고용센터,인천서부고용센터,인천광역시 서구 이음1로 389(원당동) 에이플러스빌딩 4~8층 ,032-540-2001,,,,
263,고용센터,강화고용센터,인천광역시 강화군 강화읍 강화대로 준프라자 5층 ,032-540-7990,,,,
264,고용센터,수원고용센터,경기도 수원시 팔달구 경수대로 584(인계동) 2~4층 ,031-231-7864,,,,
265,국취-위탁,㈜조인스잡 수원지사,"경기도 수원시 영통구 봉영로 1612(영통동) 6층 610호 (영통동, 보보스프라자) ",031-546-2737,,,,
266,국취-위탁,㈜잡연세인재개발원,경기도 수원시 장안구 정조로 940-1(영화동) 2층 ,031-242-1319,,,,
267,국취-위탁,사단법인 한국고용협회 수원지사,경기도 수원시 팔달구 매산로2가 권선로 467(매산로2가) 2층 ,031-895-4763,,,,
268,국취-위탁,국제커리어센터 경기화성지점,경기도 화성시 경기대로 1025-5(병점동) 604호 ,031-224-7114,,,,
269,국취-위탁,(주)코리아잡스원 수원,경기도 수원시 영통구 반달로 26(영통동) 5층 ,031-202-8550,,,,
270,국취-위탁,㈜명은커리어 경기지사,경기도 수원시 팔달구 매산로1가 덕영대로 905(매산로1가) 603호 ,070-5066-5736,,,,
271,국취-위탁,사단법인 이엘티에스연구원 화성지사,"경기도 화성시 봉담읍 동화새터길 98 스타타워2, 802호 ",031-292-8084,,,,
272,국취-위탁,㈜잡모아 수원지점,경기도 수원시 장안구 서부로 2183(율전동) 3층 ,031-269-6400,,,,
273,국취-위탁,㈜제니엘 수원지점,경기도 수원시 영통구 매영로345번길 111(영통동) 2동 ,031-204-2208,,,,
274,국취-위탁,㈜채움에이치알디 수원지사,경기도 수원시 영통구 반달로7번길 6(영통동) 504호 ,031-546-3551,,,,
275,국취-위탁,사회적협동조합 내일로 화성센터,"경기도 화성시 봉담읍 동화길 85 이원타워 501, 508호 ",031-297-8219,,,,
276,고용센터,용인고용센터,경기도 용인시 기흥구 강남로 2~4층 ,031-289-2210,,,,
277,국취-위탁,(사)한국고용복지센터 수지구점,경기도 용인시 수지구 풍덕천로129번길 9(풍덕천동) 3층 ,031-265-3700,,,,
278,국취-위탁,(주)제이엠커리어 용인지사,경기도 용인시 수지구 문정로7번길 16(풍덕천동) 3층 ,031-546-3451,,,,
279,국취-위탁,(주)코리아잡스원 용인,경기도 용인시 기흥구 중부대로 579(구갈동) 304호 ,031-286-0392,,,,
280,국취-위탁,㈜맥시머스 용인지점,경기도 용인시 기흥구 강남로 13(구갈동) 2층 1호 ,031-282-8219,,,,
281,국취-위탁,(주)제니엘 용인지점,경기도 용인시 기흥구 강남동로 6(구갈동) 901호 ,031-306-8363,,,,
282,고용센터,화성고용센터,경기도 화성시 봉담읍 동화길 이원타워 7층 화성고용센터 ,031-290-0800,,,,
283,고용센터,김포고용센터,"경기도 김포시 김포한강4로 125, 월드타워빌딩 3~5층, 9층 (장기동) ",031-999-0900,,,,
284,국취-위탁,(주)명은커리어 김포센터,경기도 김포시 김포대로 835(사우동) 501호 ,031-926-3190,,,,
285,국취-위탁,(주)와이즈임플로이먼트코리아,경기도 김포시 김포대로 841(사우동) 201호 ,070-5153-0306,,,,
286,국취-위탁,(주)와이즈임플로이먼트코리아 장기사무소,경기도 김포시 김포한강4로 113(장기동) 904호 ,070-5153-0304,,,,
287,고용센터,부천고용센터,경기도 부천시 원미구 길주로 351(중동) - ,032-320-8900,,,,
288,국취-위탁,(주)와이즈임플로이먼트 부천지사,경기도 부천시 원미구 상동로 81(상동) 502호 ,032-325-3301,,,,
289,국취-위탁,(주)잡모아 부천지점,경기도 부천시 원미구 길주로 275(중동) 304호 ,032-327-8668,,,,
290,국취-위탁,스탭스(주) 부천센터,경기도 부천시 원미구 길주로 276(중동) 1001호 ,032-329-7956,,,,
291,국취-위탁,케이잡스 부천지사,경기도 부천시 소사구 경인로 520(괴안동) 5층 ,070-4271-6365,,,,
292,국취-위탁,부천노동복지회관,경기도 부천시 원미구 석천로170번길 19(중동) 부광프라자 407호 ,070-8666-1801,,,,
293,국취-위탁,부천시노동자종합복지관,경기도 부천시 원미구 계남로 336(중동) - ,032-655-1949,,,,
294,고용센터,광명고용센터,"경기도 광명시 시청로 15(철산동, 힐팰리스) 광명고용복지플러스센터 1~2층 ",02-2680-1500,,,,
295,고용센터,의왕고용센터,경기도 의왕시 안양판교로 89(포일동) 2층 ,031-463-7460,,,,
296,고용센터,안양고용센터,경기도 안양시 만안구 안양로 메쎄포스빌타워 3~4층 ,031-463-0700,,,,
297,국취-위탁,(주)잡모아 광명지점,경기도 광명시 오리로 902(철산동) 7층 702호 ,02-2686-1112,,,,
298,국취-위탁,(주)잡모아 안양지점,경기도 안양시 만안구 안양로 307(안양동) 1002호 ,031-464-8880,,,,
299,국취-위탁,(주)커리어넷 안양지사,경기도 안양시 만안구 안양로 339(안양동) 401~402호 ,031-471-8831,,,,
300,국취-위탁,(주)코리아잡스원 군포지점,경기도 군포시 군포로 733(금정동) 7층 701호 ,031-397-7800,,,,
301,국취-위탁,(주)코리아잡스원 의왕지점,경기도 의왕시 갈미2로 36(내손동) 303호 ,031-425-9998,,,,
302,국취-위탁,(주)휴먼잡트러스트 광명지점,"경기도 광명시 오리로 902(철산동) 505,506호 ",02-2689-7720,,,,
303,국취-위탁,국제커리어센터 경기안양,경기도 안양시 만안구 안양로 336(안양동) 401호 ,031-441-7114,,,,
304,국취-위탁,사회적협동조합 내일로 안양,경기도 안양시 만안구 안양로 303(안양동) 810호 ,031-466-8219,,,,
305,고용센터,군포고용센터,경기도 군포시 군포로 522(당동)  ,031-463-7610,,,,
306,고용센터,시흥고용센터,경기도 시흥시 마유로418번길 18(정왕동) 정왕프라자 3층 ,031-496-1900,,,,
307,고용센터,안산고용센터,경기도 안산시 단원구 원고잔로  ,031-412-6600,,,,
308,국취-위탁,(주)굿잡 안산지사,경기도 안산시 단원구 중앙대로 829(고잔동) 201호 ,031-365-5763,,,,
309,국취-위탁,(주)맥시머스 시흥지점,"경기도 시흥시 수인로3312번길 16(대야동, 시흥 센트럴 푸르지오) 티동 6층 805,806호 ",031-315-8219,,,,
310,국취-위탁,(주)명은커리어 안산지사,경기도 안산시 상록구 상록수로 54(본오동) 501호 ,031-8042-7501,,,,
311,국취-위탁,(주)제이오비,경기도 시흥시 마유로418번길 10(정왕동) 201호 ,031-319-9297,,,,
312,국취-위탁,국제커리어센터 안산지점,경기도 안산시 상록구 광덕1로 324(사동) 3층 ,031-416-9114,,,,
313,국취-위탁,사회적협동조합내일로 안산센터,경기도 안산시 단원구 화랑로 402(고잔동) 303호 ,031-439-8223,,,,
314,국취-위탁,시흥여성인력개발센터,"경기도 시흥시 비둘기공원7길 51(대야동) 6,7층 ",031-312-2121,,,,
315,국취-위탁,(사)한국고용복지센터 경기시흥점,경기도 시흥시 마유로 416(정왕동) 405호 ,031-433-4880,,,,
316,고용센터,의정부고용센터,경기도 의정부시 시민로 1~2층 ,031-828-0900,,,,
317,국취-위탁,(사)한국고용복지센터 동두천점,경기도 동두천시 지행로 65(지행동) 601호 ,031-867-1500,,,,
318,국취-위탁,(사)한국고용복지센터 의정부동점,경기도 의정부시 둔야로 31(의정부동) 4층 ,031-872-1700,,,,
319,국취-위탁,(주)명은커리어 북부지사,경기도 양주시 고읍남로 6-10(광사동) 302~3호 ,031-928-5890,,,,
320,국취-위탁,(주)잡모아 의정부지점,경기도 의정부시 시민로 80(의정부동) 417호 ,031-872-5558,,,,
321,국취-위탁,(주)제이엠커리어 의정부지사,경기도 의정부시 시민로 80(의정부동) 1007호 ,031-928-5675,,,,
322,국취-위탁,국제커리어센터 경기의정부,경기도 의정부시 체육로 298-21(녹양동) 501~502호 ,031-873-9114,,,,
323,국취-위탁,(주)명은커리어 포천지사,경기도 포천시 소흘읍 봉솔로5길 27 5층 502호 ,031-894-5377,,,,
324,고용센터,구리고용센터,경기도 구리시 건원대로 태영빌딩 2층 ,031-560-5800,,,,
325,고용센터,동두천고용센터,경기도 동두천시 삼육사로 984(생연동) 서경코아 3층 ,031-860-1700,,,,
326,고용센터,남양주고용센터,경기도 남양주시 경춘로 금마루프라자 2~4층 ,031-560-1919,,,,
327,국취-위탁,(사)한국고용복지센터 구리점,경기도 구리시 건원대로 36(인창동) 702호 ,031-568-3200,,,,
328,국취-위탁,(사)한국고용복지센터 남양주점,경기도 남양주시 사릉로 14(금곡동) 금곡프라자 406~7호 ,031-595-6300,,,,
329,국취-위탁,경기동부상공회의소,"경기도 남양주시 홍유릉로248번길 39(금곡동) 207호 405호, 407호, 415호 ",031-592-3052,,,,
330,국취-위탁,국제커리어센터 경기남양주,경기도 남양주시 호평로68번길 26(호평동) 401호 ,031-593-9114,,,,
331,고용센터,양주고용센터,"경기도 양주시 부흥로 1533, 고용노동부 양주고용복지플러스센터 ",031-849-2300,,,,
332,고용센터,포천고용센터,경기도 포천시 중앙로 1층 ,031-850-7690,,,,
333,고용센터,이천고용센터,경기도 이천시 이섭대천로 1309 ,031-644-3820,,,,
334,고용센터,성남고용센터,경기도 성남시 분당구 성남대로 146(구미동)  ,031-739-3177,,,,
335,국취-위탁,(주)굿잡 경기광주지사,경기도 광주시 광주대로 9(역동) 선화빌딩 5층 ,031-8027-2507,,,,
336,국취-위탁,(주)굿잡 성남지사,경기도 성남시 수정구 산성대로 373(단대동) MG제일빌딩 405~6호 ,031-698-3347,,,,
337,국취-위탁,(주)제니엘 성남지점,경기도 성남시 분당구 성남대로 165(금곡동) 천사의도시 오피스텔 301-2호 ,031-604-1750,,,,
338,국취-위탁,(주)지에스씨넷 경기광주지점,경기도 광주시 파발로59번길 30(경안동) 3층 ,031-765-1949,,,,
339,국취-위탁,(주)지오코칭 성남지사,경기도 성남시 분당구 야탑로81번길 10(야탑동) 507호 ,031-622-0557,,,,
340,국취-위탁,국제커리어센터 경기성남,경기도 성남시 분당구 미금일로90번길 32(구미동) 221호 ,031-713-1114,,,,
341,국취-위탁,사단법인 한국고용서비스진흥원 성남점,경기도 성남시 분당구 성남대로926번길 12(야탑동) 금탑프라자 601호 ,031-707-8820,,,,
342,국취-위탁,사단법인 한국고용서비스진흥원 이천점,경기도 이천시 애련정로87번길 52(창전동) 401~2호 ,031-636-1880,,,,
343,국취-위탁,사단법인 한국고용서비스진흥원 하남점,경기도 하남시 미사강변대로34번길 90(풍산동) 4층 410호 ,031-796-5009,,,,
344,국취-위탁,스탭스(주) 성남센터,경기도 성남시 수정구 성남대로 1170(수진동) 402호 ,031-759-0991,,,,
345,국취-위탁,인지어스(유) 성남센터,경기도 성남시 수정구 산성대로 95(수진동) 써미트빌딩 7층 ,031-603-4955,,,,
346,국취-위탁,(주)잡모아 성남지점,경기도 성남시 중원구 광명로 5(성남동) 503호 ,031-464-8886,,,,
347,고용센터,하남고용센터,경기도 하남시 미사강변대로 52(풍산동)  ,031-730-7000,,,,
348,고용센터,경기광주고용센터,경기도 광주시 광주대로  ,031-799-2760,,,,
349,고용센터,양평고용센터,경기도 양평군 양평읍 중앙로111번길 11  ,031-740-6780,,,,
350,고용센터,여주고용센터,경기도 여주시 여흥로109번길 15(창동) 5층 ,031-740-6790,,,,
351,고용센터,평택고용센터,경기도 평택시 경기대로 1194(이충동) 장당프라자 1~2층 ,031-646-1205,,,,
352,국취-위탁,(주)리부트코리아안성센터,경기도 안성시 중앙로 324-4(석정동) 다원빌딩 2층 ,031-676-1929,,,,
353,국취-위탁,(주)리부트코리아평택센터,경기도 평택시 원평로 40-7(평택동) 4층 ,031-652-1925,,,,
354,국취-위탁,(주)제니엘 평택지점,경기도 평택시 중앙2로 13(평택동) 301호 ,031-647-3213,,,,
355,국취-위탁,(주)조인스잡 오산센터,경기도 오산시 운암로 17(원동) 501호 ,031-8055-8887,,,,
356,국취-위탁,(주)조인스잡 평택센터,"경기도 평택시 경기대로 1371(서정동) 603, 604호 ",031-663-0084,,,,
357,고용센터,안성고용센터,경기도 안성시 안성맞춤대로 984(도기동) 2층 ,031-686-1705,,,,
358,고용센터,오산고용센터,경기도 오산시 경기동로 오산고용센터 ,031-8024-9805,,,,
359,고용센터,고양고용센터,경기도 고양시 일산동구 고봉로 32-16(장항동) 로데오 빌딩 ,031-920-3937,,,,
360,국취-위탁,(주)맥시머스 고양지점,경기도 고양시 일산동구 정발산로 43-20(장항동) 505호 ,031-906-1220,,,,
361,국취-위탁,(주)채움HRD 고양지사,경기도 고양시 일산서구 강성로 121(주엽동) 403호 ,031-994-5548,,,,
362,국취-위탁,(주)커리어넷고양지사,경기도 고양시 일산동구 장백로 172(장항동) 405호 ,031-906-8720,,,,
363,국취-위탁,(주조인스잡 고양센터,경기도 고양시 덕양구 무원로6번길 50(행신동) 603호 ,031-926-3577,,,,
364,국취-위탁,고양여성인력개발센터,"경기도 고양시 일산서구 강성로 247(대화동) 8, 9층 ",031-912-8555,,,,
365,국취-위탁,국제커리어 고양센터,경기도 고양시 일산동구 중앙로1275번길 38-15(장항동) 402호 ,031-932-1114,,,,
366,국취-위탁,사회적협동조합내일로고양센터,경기도 고양시 덕양구 화정로 65-1(화정동) 406호 ,031-963-8219,,,,
367,국취-위탁,스탭스(주)고양센터,경기도 고양시 일산서구 중앙로 1560(대화동) 304호 ,031-925-9515,,,,
368,국취-위탁,주식회사 명은커리어 파주센터,"경기도 파주시 중앙로 328(금촌동) 3층 302호, 302A호 ",031-935-5790,,,,
369,국취-위탁,(주)명은커리어,"경기도 고양시 일산동구 정발산로 43-20(장항동) 905,906호 ",031-818-7500,,,,
370,국취-위탁,(주)명은커리어 화정센터,경기도 고양시 덕양구 화중로 54(화정동) - ,031-926-3760,,,,
371,국취-위탁,(주)지에스씨넷 고양지점,경기도 고양시 덕양구 충장로 20(행신동) 3층 303호 ,031-972-1949,,,,
372,국취-위탁,(주)지에스씨넷 파주지점,경기도 파주시 경의로 1074(야당동) 9층 905호 ,031-947-1949,,,,
373,고용센터,파주고용센터,경기도 파주시 중앙로 328(금촌동) MH타워 8층 ,031-860-0401,,,,
374,고용센터,춘천고용센터,강원특별자치도 춘천시 퇴계농공로 9(석사동) 넥서스프라자 2~5층 ,033-250-1900,,,,
375,국취-위탁,사회적협동조합 희망리본,강원특별자치도 춘천시 효자로 7-1(퇴계동) 2층 ,033-256-8819,,,,
376,국취-위탁,주식회사드림캐쳐,강원특별자치도 춘천시 서부대성로 201(효자동) 3층 ,033-252-9019,,,,
377,고용센터,가평고용센터,경기도 가평군 가평읍 가화로 169 1층 ,031-580-0901,,,,
378,고용센터,홍천고용센터,강원특별자치도 홍천군 홍천읍 홍천로 356 로하스빌딩 7층 ,033-439-1902,,,,
379,고용센터,삼척고용센터,강원특별자치도 삼척시 중앙로 214(남양동) 4층~5층 ,033-570-1900,,,,
380,고용센터,태백고용센터,강원특별자치도 태백시 황지로 119(황지동) 2층 태백고용복지+센터 ,033-552-8605,,,,
381,고용센터,강릉고용센터,강원특별자치도 강릉시 강릉대로 176(교동) - ,033-610-1919,,,,
382,국취-위탁,(주)맥시머스 강릉지점,강원특별자치도 강릉시 경강로 2241(포남동) 4층 ,033-647-8219,,,,
383,국취-위탁,사회적협동조합희망리본 강릉센터,강원특별자치도 강릉시 교동광장로100번길 17-3(교동) 4층 ,033-643-8820,,,,
384,고용센터,속초고용센터,강원특별자치도 속초시 동해대로 4178(조양동) 엠클리닉빌딩 3층 ,033-630-1919,,,,
385,고용센터,동해고용센터,강원특별자치도 동해시 동해대로 4921(나안동) KT북평빌딩 1층 ,033-539-1901,,,,
386,고용센터,원주고용센터,강원특별자치도 원주시 서원대로 383(개운동) 2~3층 ,033-769-0900,,,,
387,국취-위탁,(주)맥시머스원주지점,강원특별자치도 원주시 평원로 33(중앙동) 중앙메디컬센터 703호 ,033-813-3361,,,,
388,국취-위탁,(주)제이엠커리어원주지사,강원특별자치도 원주시 능라동길 51(무실동) 314~315호 ,033-813-9710,,,,
389,국취-위탁,사회적협동조합희망리본원주센터,강원특별자치도 원주시 봉화로 16(단계동) 5층 ,033-765-1155,,,,
390,고용센터,영월고용센터,강원특별자치도 영월군 영월읍 단종로 8  ,033-371-6260,,,,
391,고용센터,광주고용센터,광주광역시 북구 금남로  ,062-609-8500,,,,
392,국취-위탁,(사)지역고용정책연구원,광주광역시 남구 금당로1번길 4(진월동) 2층 ,062-654-2070,,,,
393,국취-위탁,(사)지역고용정책연구원 보건대사무소,광주광역시 광산구 장신로 280-16(신창동) 2층 ,062-951-2070,,,,
394,국취-위탁,(주)맥시머스 광주지점,광주광역시 서구 상무대로 773(치평동) 세정아울렛 3층 301호~303-2호 ,062-383-8219,,,,
395,국취-위탁,(주)베스트인 광주지사,광주광역시 동구 예술길 31-15(대의동) 6층 ,062-714-3766,,,,
396,국취-위탁,(주)제이엠커리어 광주지사,광주광역시 광산구 첨단중앙로 152(쌍암동) 5층 ,062-974-4570,,,,
397,국취-위탁,(주)지에스씨넷 광주광산지점,광주광역시 광산구 임방울대로 342(수완동) 602호 ,062-955-1949,,,,
398,국취-위탁,국제커리어센터,광주광역시 남구 봉선로 1(봉선동) 지하1층 B107-1호 ,062-654-7718,,,,
399,국취-위탁,국제커리어센터(조선대),광주광역시 동구 필문대로273번길 3(동명동) 3층 ,062-226-2114,,,,
400,국취-위탁,내일엔광주,광주광역시 서구 대남대로 465(농성동) 605호 ,062-710-2841,,,,
401,국취-위탁,스탭스(주)광주광산구센터,광주광역시 광산구 하남대로 150(월곡동) 304호 ,062-959-6055,,,,
402,국취-위탁,스탭스(주)서영사무소,광주광역시 북구 동운로213번길 31(운암동) 2층 ,062-527-8881,,,,
403,국취-위탁,인지어스(유)광주지사,광주광역시 북구 금남로 80(유동) 7층 ,062-454-8030,,,,
404,국취-위탁,주)커리어코칭연구소,광주광역시 북구 서방로 89(우산동) 빌리오네 BD 3층 ,062-653-3395,,,,
405,국취-위탁,북구국제커리어센터,"광주광역시 북구 서방로9번길 27(중흥동) 2층, 3층 ",062-268-8885,,,,
406,고용센터,광주광산고용센터,광주광역시 광산구 하남대로  ,062-960-3200,,,,
407,고용센터,나주고용센터,전라남도 나주시 이창1길 39 나주시 일자리종합지원센터 1층 ,061-280-0183,,,,
408,고용센터,영광고용센터,전라남도 영광군 영광읍 물무로2길 61  ,061-280-0158,,,,
409,고용센터,화순고용센터,전라남도 화순군 화순읍 충의로  ,061-280-0155,,,,
410,고용센터,정읍고용센터,전북특별자치도 정읍시 수성택지3길 28(수성동) - ,063-530-7500,,,,
411,고용센터,전주고용센터,전북특별자치도 전주시 덕진구 태진로 114(진북동) - ,063-270-9100,,,,
412,국취-위탁,(사)한국커리어,전북특별자치도 전주시 덕진구 기린대로 380(금암동) 4층 ,063-905-1830,,,,
413,국취-위탁,(주)맥시머스 전주지점,전북특별자치도 전주시 완산구 효자동2가 우전로 202(효자동2가) 3층 ,063-236-8219,,,,
414,국취-위탁,(주)베스트인,전북특별자치도 전주시 완산구 효자동2가 홍산북로 29-5(효자동2가) 3층 ,063-714-3765,,,,
415,국취-위탁,(주)베스트인전북지사,전북특별자치도 전주시 덕진구 백제대로 563-3(금암동) 2동1층 ,063-714-3588,,,,
416,국취-위탁,(주)제이비커리어,전북특별자치도 전주시 완산구 효자동1가 용머리로 146(효자동1가) 3층 ,063-273-8219,,,,
417,국취-위탁,(주)지에스씨넷전주지점,전북특별자치도 전주시 완산구 효자동1가 용머리로 80(효자동1가) 201호 ,063-227-1949,,,,
418,국취-위탁,(주)휴먼제이앤씨,전북특별자치도 전주시 덕진구 팔달로 354(진북동) - ,063-246-7589,,,,
419,국취-위탁,스탭스(주)전주센터,전북특별자치도 전주시 덕진구 기린대로 409(금암동) 9층 ,063-277-3115,,,,
420,국취-위탁,인지어스(유)정읍지사,전북특별자치도 정읍시 남북로 56(수성동) 202호 ,063-927-4520,,,,
421,국취-위탁,전주여성인력개발센터,"전북특별자치도 전주시 완산구 평화동1가 장승배기로 213(평화동1가) BYC 3,4층 ",063-232-2348,,,,
422,국취-위탁,국제커리어 전주지점,전북특별자치도 전주시 덕진구 덕진동1가 기린대로 499(덕진동1가) 1동 403호 ,063-276-3114,,,,
423,고용센터,남원고용센터,전북특별자치도 남원시 향단로 39(하정동) 1층 ,063-630-3900,,,,
424,고용센터,김제고용센터,전북특별자치도 김제시 화동길 105(요촌동) - ,063-540-8400,,,,
425,고용센터,익산고용센터,전북특별자치도 익산시 익산대로52길 11(남중동) - ,063-840-6500,,,,
426,국취-위탁,(주)베스트인익산지사,전북특별자치도 익산시 모현동2가 배산로 193-24(모현동2가) 2층 ,063-714-3767,,,,
427,국취-위탁,(주)제이비커리어원광보건대학교센터,전북특별자치도 익산시 익산대로 514(신용동) 원광보건대학교 학생성공관 1층 ,063-840-1068,,,,
428,국취-위탁,(주)제이비커리어익산센터,전북특별자치도 익산시 고봉로32길 22(영등동) 4층 ,063-851-8219,,,,
429,국취-위탁,인지어스(유)익산지사,전북특별자치도 익산시 무왕로 1089(영등동) 연희빌딩 5층 ,063-855-0510,,,,
430,고용센터,군산고용센터,전북특별자치도 군산시 조촌로 62(조촌동) - ,063-450-0600,,,,
431,국취-위탁,(주)제이비커리어군산센터,전북특별자치도 군산시 조촌로 38(조촌동) 2층 ,063-451-8219,,,,
432,국취-위탁,(주)제이비커리어나운사무소,전북특별자치도 군산시 하나운로 76(나운동) 3층 ,063-910-1953,,,,
433,국취-위탁,(주)휴먼제이앤씨군산대사무소,전북특별자치도 군산시 대학로 549(미룡동) 201호 ,063-466-7341,,,,
434,국취-위탁,(주)휴먼제이앤씨군산지사,전북특별자치도 군산시 하나운로 27(나운동) 2층 ,063-451-7521,,,,
435,국취-위탁,군산국제커리센터,전북특별자치도 군산시 월명로 270(수송동) 4층 ,063-464-9672,,,,
436,국취-위탁,군산여성인력개발센터,전북특별자치도 군산시 백토로 119(나운동) 2층 ,063-468-0057,,,,
437,고용센터,부안고용센터,전북특별자치도 부안군 부안읍 번영로 145 2층 ,063-580-0501,,,,
438,고용센터,고창고용센터,전북특별자치도 고창군 고창읍 중앙로 330 - ,063-580-0540,,,,
439,고용센터,목포고용센터,전라남도 목포시 평화로  ,061-280-0500,,,,
440,국취-위탁,내일엔목포,전라남도 목포시 백년대로 383(옥암동) 3층 ,061-284-2844,,,,
441,국취-위탁,목포국제커리어센터,전라남도 목포시 백년대로375번길 1(옥암동) 4층 ,061-281-7114,,,,
442,국취-위탁,유한회사 중앙잡커리어,전라남도 목포시 백년대로 285(상동) 세한대학교교육원 501호 ,061-800-6671,,,,
443,국취-위탁,주식회사 서남취업센터,전라남도 목포시 비파로 21(상동) 2층 ,061-279-2720,,,,
444,국취-위탁,케이잡스 목포지사,전라남도 목포시 평화로 3(상동) 2층 ,061-282-9197,,,,
445,국취-위탁,내일엔목포대,전라남도 무안군 청계면 도림길 74 208호 ,061-454-2846,,,,
446,고용센터,해남고용센터,"전라남도 해남군 해남읍 중앙1로 61 2층, 해남고용센터 ",061-530-2900,,,,
447,고용센터,무안고용센터,전라남도 무안군 무안읍 성안길 26 1층 ,061-280-0160,,,,
448,고용센터,영암고용센터,전라남도 영암군 영암읍 농암로 36 1층 ,061-280-0190,,,,
449,고용센터,순천고용센터,전라남도 순천시 충효로  ,061-720-9114,,,,
450,국취-위탁,(사)일미래센터 전남지사,전라남도 순천시 장명로 33(장천동) 3층 ,061-755-9217,,,,
451,국취-위탁,순천YWCA여성인력개발센터,전라남도 순천시 유동1길 14(조례동) - ,061-804-9706,,,,
452,국취-위탁,순천국제커리어센터,전라남도 순천시 중앙로 278(석현동) 4층 ,061-751-5111,,,,
453,국취-위탁,케이잡스 순천지사,전라남도 순천시 이수로 276(조례동) 가동 2층 2호 ,061-755-9197,,,,
454,국취-위탁,사단법인 일과사람,전라남도 광양시 불로로 123(중동) 1층 ,061-818-0110,,,,
455,국취-위탁,여수여성인력개발센터,전라남도 여수시 시청로 34(학동) 이레타운 4층 ,061-681-0580,,,,
456,국취-위탁,케이잡스 여수지사,전라남도 여수시 문수로 15(문수동) 2층 ,061-654-9214,,,,
457,고용센터,광양고용센터,"전라남도 광양시 중마로 커뮤니티센터 8층, 9층 ",061-798-1900,,,,
458,고용센터,여수고용센터,전라남도 여수시 웅천북로  ,061-650-0155,,,,
459,고용센터,제주특별자치도고용센터,제주특별자치도 제주시 중앙로165  (이도일동),064-759-2450,,,,
460,국취-위탁,(사)서귀포YWCA,제주특별자치도 서귀포시 부두로 3(서귀동) - ,064-762-1400,,,,
461,국취-위탁,제주여성인력개발센터,제주특별자치도 제주시 중앙로 165(이도일동) 4층 ,064-753-8090,,,,
462,국취-위탁,주식회사씨패스,제주특별자치도 제주시 중앙로 270-5(이도이동) 202호 ,064-803-0711,,,,
463,고용센터,제주특별자치도고용센터 서귀포지소,제주특별자치도 서귀포시 동홍로 186(동홍동) 4층(동홍동) ,064-710-4490,,,,
464,고용센터,논산고용센터,충청남도 논산시 시민로210번길  ,041-731-8600,,,,
465,고용센터,대전고용센터,대전광역시 서구 문정로  ,042-480-6000,,,,
466,국취-위탁,㈜맥시머스 세종지점,세종특별자치시  가름로 232(어진동) A동 332호 ,044-866-8219,,,,
467,국취-위탁,㈜메이크인대전지사,대전광역시 유성구 대학로 44(봉명동) 602호 ,042-710-1811,,,,
468,국취-위탁,㈜제이비커리어 대전센터,"대전광역시 유성구 대학로 82(궁동) 404, 405호 ",042-369-8219,,,,
469,국취-위탁,㈜제이비커리어 대전중구센터,대전광역시 중구 대종로 484(은행동) 4층 ,042-623-8218,,,,
470,국취-위탁,㈜제이엠커리어 대전지사,대전광역시 중구 대종로 509(선화동) 소청 1번가 2층 ,042-223-0135,,,,
471,국취-위탁,㈜지에스씨넷 세종지점,세종특별자치시  한누리대로 583(도담동) 제3층 제301호 ,044-866-1949,,,,
472,국취-위탁,㈜한국커리어잡스 대전지사,대전광역시 서구 문정로90번길 21(탄방동) 이노타워빌딩 3층 ,042-484-2810,,,,
473,국취-위탁,사회적협동조합 희망이음터,대전광역시 중구 선화로22번길 50(용두동) 3층 ,042-252-5572,,,,
474,국취-위탁,인지어스유한회사 공주지사,충청남도 공주시 번영1로 46(신관동) 3층 ,041-961-0066,,,,
475,국취-위탁,인지어스유한회사 대전지사,대전광역시 서구 둔산로31번길 72(둔산동) 702호 ,042-321-9984,,,,
476,국취-위탁,케이잡스㈜ 유성지사,대전광역시 유성구 대학로 53(봉명동) 202호 ,042-719-7016,,,,
477,국취-위탁,국제커리어센터 대전지점,대전광역시 동구 대전로 771(원동) 303호 ,042-256-9114,,,,
478,국취-위탁,㈜지에스씨넷 대전지점,대전광역시 서구 문정로 62(탄방동) 4층 ,042-472-2997,,,,
479,고용센터,공주고용센터,충청남도 공주시 번영1로 46(신관동) 스타타워 4층 ,041-851-8501,,,,
480,고용센터,세종고용센터,세종특별자치시  조치원읍 터미널안길  ,044-865-3219,,,,
481,고용센터,금산고용센터,충청남도 금산군 금산읍 인삼로 KT빌딩 1층 ,041-731-8690,,,,
482,고용센터,청주고용센터,충청북도 청주시 서원구 1순환로 642(사창동)  ,043-230-6700,,,,
483,국취-위탁,(주)맥시머스 청주지점,충청북도 청주시 서원구 1순환로 666(사창동) 아트타워 4층 ,043-263-8219,,,,
484,국취-위탁,(주)제이비컴,충청북도 청주시 상당구 북문로2가 사직대로 379(북문로2가) 3층 2호 ,043-715-1319,,,,
485,국취-위탁,(주)제이비컴 충청지사,충청북도 청주시 흥덕구 강내면 월곡길 10-4 2층 ,043-715-8060,,,,
486,국취-위탁,(주)지에스씨넷 옥천지점,충청북도 옥천군 옥천읍 중앙로 61-1 2층 ,043-264-1949,,,,
487,국취-위탁,(주)지에스씨넷 청주지점,충청북도 청주시 서원구 사직대로 95(사창동) 4층 ,043-264-1949,,,,
488,국취-위탁,일하는 공동체 청주취업지원센터,충청북도 청주시 흥덕구 서현북로 81(가경동) 503호 ,043-287-9097,,,,
489,국취-위탁,행복잡고 청주점,충청북도 청주시 상당구 북문로2가 상당로 174-2(북문로2가) 2층 ,070-4149-2347,,,,
490,고용센터,옥천고용센터,충청북도 옥천군 옥천읍 삼양로 91 문화회관 별관 3층 ,043-730-4100,,,,
491,고용센터,진천고용센터,충청북도 진천군 덕산읍 자안로 삼영프라자 4층 402-403호 ,043-229-0790,,,,
492,고용센터,제천고용센터,충청북도 제천시 내토로 441(화산동)  ,043-640-9310,,,,
493,고용센터,충주고용센터,충청북도 충주시 국원대로 13 ,043-850-4000,,,,
494,국취-위탁,(주)제이비커리어 충주센터,충청북도 충주시 계명대로 227(연수동) 3층 ,043-857-8219,,,,
495,국취-위탁,(주)제이비컴 제천지사,충청북도 제천시 풍양로 65(의림동) 4층 ,043-644-1015,,,,
496,국취-위탁,행복잡고,충청북도 충주시 중앙로 3(문화동) 3층 ,043-724-3671,,,,
497,국취-위탁,행복잡고 음성점,충청북도 음성군 금왕읍 무극로 213 3층 6호 ,043-750-7671,,,,
498,고용센터,음성고용센터,충청북도 음성군 금왕읍 무극로 213 승덕빌딩 2층 ,043-880-8600,,,,
499,고용센터,천안고용센터,"충청남도 천안시 서북구 동서대로 2~5층, 9층 ",041-620-7400,,,,
500,국취-위탁,(주)제이비커리어 아산센터,충청남도 아산시 충무로 22(온천동) 7층 ,041-541-8219,,,,
501,국취-위탁,(주)제이비커리어 천안센터,충청남도 천안시 서북구 1공단1길 52(두정동) 339호 ,041-555-8219,,,,
502,국취-위탁,(주)제이엠커리어 천안지사,충청남도 천안시 동남구 대흥로 333(신부동) 4층 1호 ,041-522-7980,,,,
503,국취-위탁,(주)조인스잡 아산지사,충청남도 아산시 온양역길 98(온천동) 3층 ,041-425-0411,,,,
504,국취-위탁,(주)조인스잡 천안지사,충청남도 천안시 동남구 충절로 7(신부동) 8층 ,041-417-2999,,,,
505,국취-위탁,(주)한국커리어잡스,충청남도 천안시 서북구 성정두정로 12(성정동) 306호 ,041-556-2829,,,,
506,국취-위탁,스탭스(주)천안센터,충청남도 천안시 동남구 만남로 6(신부동) 701호 ,041-415-2027,,,,
507,국취-위탁,인지어스(유)당진지사,충청남도 당진시 밤절로 140(수청동) 803호 ,041-970-1861,,,,
508,국취-위탁,인지어스(유)천안지사,충청남도 천안시 서북구 쌍용19로 21(쌍용동) 206호 ,041-903-0359,,,,
509,고용센터,아산고용센터,충청남도 아산시 배방읍 배방로 5 충무빌딩 4층 일부 및 7층 ,041-570-5500,,,,
510,고용센터,당진고용센터,충청남도 당진시 당진중앙1로 59(읍내동) 2층 ,041-620-7456,,,,
511,고용센터,예산고용센터,충청남도 예산군 예산읍 군청로1길 20 더예당 2층 ,041-620-9511,,,,
512,고용센터,보령고용센터,충청남도 보령시 보령남로 28 ,041-930-6200,,,,
513,국취-위탁,(주)제이엠커리어 홍성지사,충청남도 홍성군 홍성읍 의사로 40 301호 ,041-406-7018,,,,
514,고용센터,부여고용센터,충청남도 부여군 부여읍 신동엽길 성모의원 3층 ,041-930-6236,,,,
515,고용센터,서천고용센터,충청남도 서천군 서천읍 충절로109번길  ,041-930-6244,,,,
516,고용센터,홍성고용센터,충청남도 홍성군 홍성읍 법원로  ,041-930-6200,,,,
517,고용센터,서산고용센터,충청남도 서산시 호수공원1로  ,041-661-5600,,,,
518,국취-위탁,인지어스(유)서산지사,"충청남도 서산시 호수공원5로 37(예천동) 5층, 인지어스(유)서산지사 ",041-920-7002,,,,
519,고용센터,태안고용센터,충청남도 태안군 태안읍 동백로 336 태광빌딩 2층 ,041-661-5691,,,,
